{
  "qwen_gpu": {
    "model": "Qwen2.5-1.5B (GPU)",
    "device": "GPU (eager)",
    "num_layers": 28,
    "num_heads": 12,
    "kv_heads": 2,
    "correct_mean": [
      0.927443,
      0.0,
      0.0,
      0.0,
      0.0,
      0.0,
      0.0,
      0.0,
      0.0,
      0.0,
      0.0,
      0.0,
      0.0,
      0.0,
      0.0,
      0.0,
      0.0,
      0.0,
      0.0,
      0.0,
      0.0,
      0.0,
      0.0,
      0.0,
      0.0,
      0.0,
      0.0,
      0.0
    ],
    "halluc_mean": [
      0.889798,
      0.0,
      0.0,
      0.0,
      0.0,
      0.0,
      0.0,
      0.0,
      0.0,
      0.0,
      0.0,
      0.0,
      0.0,
      0.0,
      0.0,
      0.0,
      0.0,
      0.0,
      0.0,
      0.0,
      0.0,
      0.0,
      0.0,
      0.0,
      0.0,
      0.0,
      0.0,
      0.0
    ],
    "diff": [
      -0.037645,
      0.0,
      0.0,
      0.0,
      0.0,
      0.0,
      0.0,
      0.0,
      0.0,
      0.0,
      0.0,
      0.0,
      0.0,
      0.0,
      0.0,
      0.0,
      0.0,
      0.0,
      0.0,
      0.0,
      0.0,
      0.0,
      0.0,
      0.0,
      0.0,
      0.0,
      0.0,
      0.0
    ],
    "peak_layer": 1,
    "peak_depth_pct": 7.1,
    "peak_delta": 0.0,
    "mid_zone": [
      1,
      27
    ],
    "mid_zone_depth": [
      7.1,
      100.0
    ]
  },
  "phi2": {
    "model": "Phi-2 (2.7B)",
    "device": "GPU",
    "num_layers": 32,
    "num_heads": 32,
    "kv_heads": 32,
    "correct_mean": [
      1.881722,
      2.388281,
      1.974045,
      1.774852,
      1.88617,
      1.978986,
      2.066793,
      1.753364,
      1.850024,
      1.830888,
      2.011392,
      1.968773,
      1.853167,
      1.894638,
      2.018455,
      2.002238,
      2.040282,
      2.032052,
      1.933637,
      2.025757,
      1.884107,
      1.858861,
      1.667502,
      1.803515,
      1.637123,
      1.551568,
      1.664506,
      1.799704,
      1.813504,
      0.234008,
      0.0,
      0.0
    ],
    "halluc_mean": [
      1.909495,
      2.460376,
      2.021919,
      1.821001,
      1.976816,
      2.039458,
      2.148248,
      1.899723,
      1.903019,
      1.934309,
      2.057343,
      1.93648,
      1.883066,
      1.890453,
      2.031901,
      2.026231,
      2.011802,
      1.988572,
      1.893562,
      1.984722,
      1.897324,
      1.780491,
      1.614584,
      1.74781,
      1.641902,
      1.599717,
      1.642201,
      1.842391,
      1.841121,
      0.233343,
      0.0,
      0.0
    ],
    "diff": [
      0.027773,
      0.072095,
      0.047873,
      0.046149,
      0.090646,
      0.060472,
      0.081455,
      0.14636,
      0.052995,
      0.103422,
      0.045951,
      -0.032293,
      0.0299,
      -0.004185,
      0.013446,
      0.023994,
      -0.02848,
      -0.043481,
      -0.040075,
      -0.041035,
      0.013217,
      -0.07837,
      -0.052918,
      -0.055705,
      0.004779,
      0.048149,
      -0.022305,
      0.042687,
      0.027618,
      -0.000664,
      0.0,
      0.0
    ],
    "peak_layer": 7,
    "peak_depth_pct": 25.0,
    "peak_delta": 0.14636,
    "mid_zone": [
      4,
      9
    ],
    "mid_zone_depth": [
      15.6,
      31.2
    ]
  },
  "elapsed_seconds": 24.4
}